Image_Index,Total_Detections,Mean_Confidence,Blind-Spot Mirror (Convex),No Entry (One Way),No Through Road (T-Sign),Pedestrian Crossing,Roundabout Ahead,Stop
70,1,0.8043114542961121,0,0,0,0,0,1
28,1,0.6125243306159973,0,1,0,0,0,0
67,0,0.0,0,0,0,0,0,0
80,0,0.0,0,0,0,0,0,0
29,1,0.6319750547409058,0,1,0,0,0,0
57,0,0.0,0,0,0,0,0,0
23,0,0.0,0,0,0,0,0,0
39,0,0.0,0,0,0,0,0,0
68,1,0.7414183020591736,0,0,0,0,0,1
75,1,0.6447438597679138,0,1,0,0,0,0
