metric,value
mean latency (ms),2482.48028755188
std latency (ms),0.0
fps,0.40282293680815445
