Image_Index,Total_Detections,Mean_Confidence,Back,Front,Side
70,1,0.9626110792160034,1,0,0
28,1,0.8786824941635132,0,0,1
67,1,0.9791175127029419,0,1,0
80,1,0.9910775423049927,0,1,0
29,1,0.8872934579849243,0,0,1
57,2,0.9448531866073608,0,0,2
23,1,0.9948989748954773,0,1,0
39,1,0.9814391732215881,0,1,0
68,2,0.7897188663482666,1,0,1
75,1,0.9933409094810486,0,1,0
